fecha_utc,hora_utc,fecha_local,hora_local,tipo_evento,descripcion,elevacion,azimut,planeta1,planeta2,posicion1,posicion2,tipo_aspecto,orbe,es_aplicativo,harmony,signo,grado,posicion
2024-01-01,13:26,2024-01-01,10:26,Aspecto,Venus en Cuadratura con Saturno,,,Venus,Saturno,3°17' Sagitario,3°17' Piscis,Cuadratura,0.00°,No,Tensión,,,
2024-01-02,02:37,2024-01-01,23:37,Fin Retrogradación,Mercurio termina retrogradación en 22°10' Sagitario,,,,,,,,,,,,,
2024-01-03,00:46,2024-01-02,21:46,Ingreso a Signo,Luna ingresa a 0.00° de Libra (Directo),,,,,,,,,,,,,
2024-01-04,14:58,2024-01-04,11:58,Ingreso a Signo,Marte ingresa a 0.00° de Capricornio (Directo),,,,,,,,,,,,,
2024-01-05,12:39,2024-01-05,09:39,Ingreso a Signo,Luna ingresa a 0.00° de Escorpio (Directo),,,,,,,,,,,,,
2024-01-07,21:08,2024-01-07,18:08,Ingreso a Signo,Luna ingresa a 0.00° de Sagitario (Directo),,,,,,,,,,,,,
2024-01-09,01:24,2024-01-08,22:24,Aspecto,Mercurio en Cuadratura con Neptuno,,,Mercurio,Neptuno,25°12' Sagitario,25°12' Piscis,Cuadratura,0.00°,No,Tensión,,,
2024-01-10,00:07,2024-01-09,21:07,Aspecto,Sol en Trígono con Urano,,,Sol,Urano,19°13' Capricornio,19°13' Tauro,Trígono,0.00°,No,Armónico,,,
2024-01-10,01:33,2024-01-09,22:33,Ingreso a Signo,Luna ingresa a 0.00° de Capricornio (Directo),,,,,,,,,,,,,
2024-01-10,02:39,2024-01-09,23:39,Aspecto,Marte en Sextil con Saturno,,,Marte,Saturno,4°05' Capricornio,4°05' Piscis,Sextil,0.00°,No,Armónico,,,
2024-01-11,11:57,2024-01-11,08:57,Luna Nueva,Luna nueva en Capricornio 20.74°,35.6°,93.6°,,,,,,,,,Capricornio,20.74°,20°44' Capricornio
2024-01-12,03:01,2024-01-12,00:01,Ingreso a Signo,Luna ingresa a 0.00° de Acuario (Directo),,,,,,,,,,,,,
2024-01-12,10:41,2024-01-12,07:41,Aspecto,Marte en Trígono con Júpiter,,,Marte,Júpiter,5°50' Capricornio,5°50' Tauro,Trígono,0.00°,No,Armónico,,,
2024-01-14,02:49,2024-01-13,23:49,Ingreso a Signo,Mercurio ingresa a 0.00° de Capricornio (Directo),,,,,,,,,,,,,
2024-01-14,03:29,2024-01-14,00:29,Ingreso a Signo,Luna ingresa a 0.00° de Piscis (Directo),,,,,,,,,,,,,
2024-01-16,00:37,2024-01-15,21:37,Aspecto,Sol en Sextil con Neptuno,,,Sol,Neptuno,25°21' Capricornio,25°21' Piscis,Sextil,0.00°,No,Armónico,,,
2024-01-16,04:48,2024-01-16,01:48,Ingreso a Signo,Luna ingresa a 0.00° de Aries (Directo),,,,,,,,,,,,,
2024-01-18,08:11,2024-01-18,05:11,Ingreso a Signo,Luna ingresa a 0.00° de Tauro (Directo),,,,,,,,,,,,,
2024-01-18,08:49,2024-01-18,05:49,Aspecto,Mercurio en Sextil con Saturno,,,Mercurio,Saturno,4°56' Capricornio,4°56' Piscis,Sextil,0.00°,No,Armónico,,,
2024-01-19,09:30,2024-01-19,06:30,Aspecto,Mercurio en Trígono con Júpiter,,,Mercurio,Júpiter,6°13' Capricornio,6°13' Tauro,Trígono,0.00°,No,Armónico,,,
2024-01-19,15:48,2024-01-19,12:48,Aspecto,Venus en Cuadratura con Neptuno,,,Venus,Neptuno,25°26' Sagitario,25°26' Piscis,Cuadratura,0.00°,No,Tensión,,,
2024-01-20,13:45,2024-01-20,10:45,Aspecto,Sol en Conjunción con Plutón,,,Sol,Plutón,29°59' Capricornio,29°59' Capricornio,Conjunción,0.00°,No,Neutro,,,
2024-01-20,13:57,2024-01-20,10:57,Ingreso a Signo,Luna ingresa a 0.00° de Géminis (Directo),,,,,,,,,,,,,
2024-01-20,14:07,2024-01-20,11:07,Ingreso a Signo,Sol ingresa a 0.00° de Acuario (Directo),,,,,,,,,,,,,
2024-01-21,00:56,2024-01-20,21:56,Ingreso a Signo,Plutón ingresa a 0.00° de Acuario (Directo),,,,,,,,,,,,,
2024-01-22,21:50,2024-01-22,18:50,Ingreso a Signo,Luna ingresa a 0.00° de Cáncer (Directo),,,,,,,,,,,,,
2024-01-23,08:50,2024-01-23,05:50,Ingreso a Signo,Venus ingresa a 0.00° de Capricornio (Directo),,,,,,,,,,,,,
2024-01-25,07:36,2024-01-25,04:36,Ingreso a Signo,Luna ingresa a 0.00° de Leo (Directo),,,,,,,,,,,,,
2024-01-25,17:53,2024-01-25,14:53,Luna Llena,Luna llena en Leo 5.25°,-65.5°,109.3°,,,,,,,,,Leo,5.25°,5°14' Leo
2024-01-27,07:18,2024-01-27,04:18,Aspecto,Sol en Cuadratura con Júpiter,,,Sol,Júpiter,6°49' Acuario,6°49' Tauro,Cuadratura,0.00°,No,Tensión,,,
2024-01-27,07:30,2024-01-27,04:30,Fin Retrogradación,Urano termina retrogradación en 19°05' Tauro,,,,,,,,,,,,,
2024-01-27,14:58,2024-01-27,11:58,Aspecto,Mercurio en Conjunción con Marte,,,Mercurio,Marte,17°17' Capricornio,17°17' Capricornio,Conjunción,0.00°,No,Neutro,,,
2024-01-27,19:11,2024-01-27,16:11,Ingreso a Signo,Luna ingresa a 0.00° de Virgo (Directo),,,,,,,,,,,,,
2024-01-28,06:03,2024-01-28,03:03,Aspecto,Venus en Sextil con Saturno,,,Venus,Saturno,6°00' Capricornio,6°00' Piscis,Sextil,0.00°,No,Armónico,,,
2024-01-28,21:06,2024-01-28,18:06,Aspecto,Mercurio en Trígono con Urano,,,Mercurio,Urano,19°05' Capricornio,19°05' Tauro,Trígono,0.00°,No,Armónico,,,
2024-01-29,01:01,2024-01-28,22:01,Aspecto,Venus en Trígono con Júpiter,,,Venus,Júpiter,6°59' Capricornio,6°59' Tauro,Trígono,0.00°,No,Armónico,,,
2024-01-29,23:40,2024-01-29,20:40,Aspecto,Marte en Trígono con Urano,,,Marte,Urano,19°05' Capricornio,19°05' Tauro,Trígono,0.00°,No,Armónico,,,
2024-01-30,08:04,2024-01-30,05:04,Ingreso a Signo,Luna ingresa a 0.00° de Libra (Directo),,,,,,,,,,,,,
2024-02-01,20:36,2024-02-01,17:36,Ingreso a Signo,Luna ingresa a 0.00° de Escorpio (Directo),,,,,,,,,,,,,
2024-02-02,10:54,2024-02-02,07:54,Aspecto,Mercurio en Sextil con Neptuno,,,Mercurio,Neptuno,25°48' Capricornio,25°48' Piscis,Sextil,0.00°,No,Armónico,,,
2024-02-04,06:28,2024-02-04,03:28,Ingreso a Signo,Luna ingresa a 0.00° de Sagitario (Directo),,,,,,,,,,,,,
2024-02-05,05:10,2024-02-05,02:10,Ingreso a Signo,Mercurio ingresa a 0.00° de Acuario (Directo),,,,,,,,,,,,,
2024-02-05,12:57,2024-02-05,09:57,Aspecto,Mercurio en Conjunción con Plutón,,,Mercurio,Plutón,0°29' Acuario,0°29' Acuario,Conjunción,0.00°,No,Neutro,,,
2024-02-06,12:08,2024-02-06,09:08,Ingreso a Signo,Luna ingresa a 0.00° de Capricornio (Directo),,,,,,,,,,,,,
2024-02-07,21:25,2024-02-07,18:25,Aspecto,Venus en Trígono con Urano,,,Venus,Urano,19°08' Capricornio,19°08' Tauro,Trígono,0.00°,No,Armónico,,,
2024-02-08,00:20,2024-02-07,21:20,Aspecto,Marte en Sextil con Neptuno,,,Marte,Neptuno,25°58' Capricornio,25°58' Piscis,Sextil,0.00°,No,Armónico,,,
2024-02-08,10:45,2024-02-08,07:45,Aspecto,Sol en Cuadratura con Urano,,,Sol,Urano,19°09' Acuario,19°09' Tauro,Cuadratura,0.00°,No,Tensión,,,
2024-02-08,13:59,2024-02-08,10:59,Ingreso a Signo,Luna ingresa a 0.00° de Acuario (Directo),,,,,,,,,,,,,
2024-02-09,22:59,2024-02-09,19:59,Luna Nueva,Luna nueva en Acuario 20.68°,-1.0°,250.8°,,,,,,,,,Acuario,20.68°,20°40' Acuario
2024-02-10,13:25,2024-02-10,10:25,Aspecto,Mercurio en Cuadratura con Júpiter,,,Mercurio,Júpiter,8°23' Acuario,8°23' Tauro,Cuadratura,0.00°,No,Tensión,,,
2024-02-10,13:42,2024-02-10,10:42,Ingreso a Signo,Luna ingresa a 0.00° de Piscis (Directo),,,,,,,,,,,,,
2024-02-12,13:25,2024-02-12,10:25,Ingreso a Signo,Luna ingresa a 0.00° de Aries (Directo),,,,,,,,,,,,,
2024-02-13,06:05,2024-02-13,03:05,Ingreso a Signo,Marte ingresa a 0.00° de Acuario (Directo),,,,,,,,,,,,,
2024-02-13,13:36,2024-02-13,10:36,Aspecto,Venus en Sextil con Neptuno,,,Venus,Neptuno,26°09' Capricornio,26°09' Piscis,Sextil,0.00°,No,Armónico,,,
2024-02-14,06:05,2024-02-14,03:05,Aspecto,Marte en Conjunción con Plutón,,,Marte,Plutón,0°46' Acuario,0°46' Acuario,Conjunción,0.00°,No,Neutro,,,
2024-02-14,15:02,2024-02-14,12:02,Ingreso a Signo,Luna ingresa a 0.00° de Tauro (Directo),,,,,,,,,,,,,
2024-02-16,16:05,2024-02-16,13:05,Ingreso a Signo,Venus ingresa a 0.00° de Acuario (Directo),,,,,,,,,,,,,
2024-02-16,19:39,2024-02-16,16:39,Ingreso a Signo,Luna ingresa a 0.00° de Géminis (Directo),,,,,,,,,,,,,
2024-02-17,03:52,2024-02-17,00:52,Aspecto,Mercurio en Cuadratura con Urano,,,Mercurio,Urano,19°16' Acuario,19°16' Tauro,Cuadratura,0.00°,No,Tensión,,,
2024-02-17,08:48,2024-02-17,05:48,Aspecto,Venus en Conjunción con Plutón,,,Venus,Plutón,0°51' Acuario,0°51' Acuario,Conjunción,0.00°,No,Neutro,,,
2024-02-19,03:24,2024-02-19,00:24,Ingreso a Signo,Luna ingresa a 0.00° de Cáncer (Directo),,,,,,,,,,,,,
2024-02-19,04:13,2024-02-19,01:13,Ingreso a Signo,Sol ingresa a 0.00° de Piscis (Directo),,,,,,,,,,,,,
2024-02-21,13:40,2024-02-21,10:40,Ingreso a Signo,Luna ingresa a 0.00° de Leo (Directo),,,,,,,,,,,,,
2024-02-22,07:14,2024-02-22,04:14,Aspecto,Venus en Conjunción con Marte,,,Venus,Marte,6°57' Acuario,6°57' Acuario,Conjunción,0.00°,No,Neutro,,,
2024-02-23,07:28,2024-02-23,04:28,Ingreso a Signo,Mercurio ingresa a 0.00° de Piscis (Directo),,,,,,,,,,,,,
2024-02-24,01:37,2024-02-23,22:37,Ingreso a Signo,Luna ingresa a 0.00° de Virgo (Directo),,,,,,,,,,,,,
2024-02-24,12:30,2024-02-24,09:30,Luna Llena,Luna llena en Virgo 5.38°,-36.2°,260.5°,,,,,,,,,Virgo,5.38°,5°23' Virgo
2024-02-25,04:01,2024-02-25,01:01,Aspecto,Venus en Cuadratura con Júpiter,,,Venus,Júpiter,10°30' Acuario,10°30' Tauro,Cuadratura,0.00°,No,Tensión,,,
2024-02-26,14:29,2024-02-26,11:29,Ingreso a Signo,Luna ingresa a 0.00° de Libra (Directo),,,,,,,,,,,,,
2024-02-27,08:29,2024-02-27,05:29,Aspecto,Marte en Cuadratura con Júpiter,,,Marte,Júpiter,10°52' Acuario,10°52' Tauro,Cuadratura,0.00°,No,Tensión,,,
2024-02-28,08:42,2024-02-28,05:42,Aspecto,Sol en Conjunción con Mercurio,,,Sol,Mercurio,9°14' Piscis,9°14' Piscis,Conjunción,0.00°,No,Neutro,,,
2024-02-28,15:07,2024-02-28,12:07,Aspecto,Mercurio en Conjunción con Saturno,,,Mercurio,Saturno,9°44' Piscis,9°44' Piscis,Conjunción,0.00°,No,Neutro,,,
2024-02-28,21:25,2024-02-28,18:25,Aspecto,Sol en Conjunción con Saturno,,,Sol,Saturno,9°46' Piscis,9°46' Piscis,Conjunción,0.00°,No,Neutro,,,
2024-02-29,03:09,2024-02-29,00:09,Ingreso a Signo,Luna ingresa a 0.00° de Escorpio (Directo),,,,,,,,,,,,,
2024-02-29,09:53,2024-02-29,06:53,Aspecto,Mercurio en Sextil con Júpiter,,,Mercurio,Júpiter,11°12' Piscis,11°12' Tauro,Sextil,0.00°,No,Armónico,,,
2024-03-01,12:14,2024-03-01,09:14,Aspecto,Sol en Sextil con Júpiter,,,Sol,Júpiter,11°24' Piscis,11°24' Tauro,Sextil,0.00°,No,Armónico,,,
2024-03-02,13:56,2024-03-02,10:56,Ingreso a Signo,Luna ingresa a 0.00° de Sagitario (Directo),,,,,,,,,,,,,
2024-03-03,13:17,2024-03-03,10:17,Aspecto,Venus en Cuadratura con Urano,,,Venus,Urano,19°39' Acuario,19°39' Tauro,Cuadratura,0.00°,No,Tensión,,,
2024-03-04,20:23,2024-03-04,17:23,Aspecto,Mercurio en Sextil con Urano,,,Mercurio,Urano,19°41' Piscis,19°41' Tauro,Sextil,0.00°,No,Armónico,,,
2024-03-04,21:15,2024-03-04,18:15,Ingreso a Signo,Luna ingresa a 0.00° de Capricornio (Directo),,,,,,,,,,,,,
2024-03-07,00:38,2024-03-06,21:38,Ingreso a Signo,Luna ingresa a 0.00° de Acuario (Directo),,,,,,,,,,,,,
2024-03-08,15:06,2024-03-08,12:06,Aspecto,Mercurio en Conjunción con Neptuno,,,Mercurio,Neptuno,27°01' Piscis,27°01' Piscis,Conjunción,0.00°,No,Neutro,,,
2024-03-09,01:03,2024-03-08,22:03,Ingreso a Signo,Luna ingresa a 0.00° de Piscis (Directo),,,,,,,,,,,,,
2024-03-09,22:55,2024-03-09,19:55,Aspecto,Marte en Cuadratura con Urano,,,Marte,Urano,19°51' Acuario,19°51' Tauro,Cuadratura,0.00°,No,Tensión,,,
2024-03-09,23:01,2024-03-09,20:01,Aspecto,Sol en Sextil con Urano,,,Sol,Urano,19°51' Piscis,19°51' Tauro,Sextil,0.00°,No,Armónico,,,
2024-03-10,04:02,2024-03-10,01:02,Ingreso a Signo,Mercurio ingresa a 0.00° de Aries (Directo),,,,,,,,,,,,,
2024-03-10,09:00,2024-03-10,06:00,Luna Nueva,Luna nueva en Piscis 20.28°,-10.8°,102.4°,,,,,,,,,Piscis,20.28°,20°16' Piscis
2024-03-10,22:20,2024-03-10,19:20,Aspecto,Mercurio en Sextil con Plutón,,,Mercurio,Plutón,1°27' Aries,1°27' Acuario,Sextil,0.00°,No,Armónico,,,
2024-03-11,00:19,2024-03-10,21:19,Ingreso a Signo,Luna ingresa a 0.00° de Aries (Directo),,,,,,,,,,,,,
2024-03-11,21:50,2024-03-11,18:50,Ingreso a Signo,Venus ingresa a 0.00° de Piscis (Directo),,,,,,,,,,,,,
2024-03-13,00:28,2024-03-12,21:28,Ingreso a Signo,Luna ingresa a 0.00° de Tauro (Directo),,,,,,,,,,,,,
2024-03-15,03:15,2024-03-15,00:15,Ingreso a Signo,Luna ingresa a 0.00° de Géminis (Directo),,,,,,,,,,,,,
2024-03-17,09:40,2024-03-17,06:40,Ingreso a Signo,Luna ingresa a 0.00° de Cáncer (Directo),,,,,,,,,,,,,
2024-03-17,11:22,2024-03-17,08:22,Aspecto,Sol en Conjunción con Neptuno,,,Sol,Neptuno,27°21' Piscis,27°21' Piscis,Conjunción,0.00°,No,Neutro,,,
2024-03-19,19:32,2024-03-19,16:32,Ingreso a Signo,Luna ingresa a 0.00° de Leo (Directo),,,,,,,,,,,,,
2024-03-20,03:06,2024-03-20,00:06,Ingreso a Signo,Sol ingresa a 0.00° de Aries (Directo),,,,,,,,,,,,,
2024-03-21,20:02,2024-03-21,17:02,Aspecto,Sol en Sextil con Plutón,,,Sol,Plutón,1°41' Aries,1°41' Acuario,Sextil,0.00°,No,Armónico,,,
2024-03-21,23:09,2024-03-21,20:09,Aspecto,Venus en Conjunción con Saturno,,,Venus,Saturno,12°26' Piscis,12°26' Piscis,Conjunción,0.00°,No,Neutro,,,
2024-03-22,07:41,2024-03-22,04:41,Ingreso a Signo,Luna ingresa a 0.00° de Virgo (Directo),,,,,,,,,,,,,
2024-03-22,23:47,2024-03-22,20:47,Ingreso a Signo,Marte ingresa a 0.00° de Piscis (Directo),,,,,,,,,,,,,
2024-03-24,16:36,2024-03-24,13:36,Aspecto,Venus en Sextil con Júpiter,,,Venus,Júpiter,15°48' Piscis,15°48' Tauro,Sextil,0.00°,No,Armónico,,,
2024-03-24,20:37,2024-03-24,17:37,Ingreso a Signo,Luna ingresa a 0.00° de Libra (Directo),,,,,,,,,,,,,
2024-03-25,07:00,2024-03-25,04:00,Luna Llena,Luna llena en Libra 5.12°,35.9°,298.8°,,,,,,,,,Libra,5.12°,5°07' Libra
2024-03-27,09:02,2024-03-27,06:02,Ingreso a Signo,Luna ingresa a 0.00° de Escorpio (Directo),,,,,,,,,,,,,
2024-03-28,13:58,2024-03-28,10:58,Aspecto,Venus en Sextil con Urano,,,Venus,Urano,20°37' Piscis,20°37' Tauro,Sextil,0.00°,No,Armónico,,,
2024-03-29,19:51,2024-03-29,16:51,Ingreso a Signo,Luna ingresa a 0.00° de Sagitario (Directo),,,,,,,,,,,,,
2024-04-01,04:05,2024-04-01,01:05,Ingreso a Signo,Luna ingresa a 0.00° de Capricornio (Directo),,,,,,,,,,,,,
2024-04-01,21:44,2024-04-01,18:44,Inicio Retrogradación,Mercurio inicia retrogradación en 27°13' Aries,,,,,,,,,,,,,
2024-04-03,09:07,2024-04-03,06:07,Ingreso a Signo,Luna ingresa a 0.00° de Acuario (Directo),,,,,,,,,,,,,
2024-04-03,13:10,2024-04-03,10:10,Aspecto,Venus en Conjunción con Neptuno,,,Venus,Neptuno,28°00' Piscis,28°00' Piscis,Conjunción,0.00°,No,Neutro,,,
2024-04-05,04:00,2024-04-05,01:00,Ingreso a Signo,Venus ingresa a 0.00° de Aries (Directo),,,,,,,,,,,,,
2024-04-05,11:12,2024-04-05,08:12,Ingreso a Signo,Luna ingresa a 0.00° de Piscis (Directo),,,,,,,,,,,,,
2024-04-06,17:45,2024-04-06,14:45,Aspecto,Venus en Sextil con Plutón,,,Venus,Plutón,1°56' Aries,1°56' Acuario,Sextil,0.00°,No,Armónico,,,
2024-04-07,11:24,2024-04-07,08:24,Ingreso a Signo,Luna ingresa a 0.00° de Aries (Directo),,,,,,,,,,,,,
2024-04-08,18:20,2024-04-08,15:20,Luna Nueva,Luna nueva en Aries 19.40°,35.6°,313.7°,,,,,,,,,Aries,19.40°,19°24' Aries
2024-04-08,18:20,2024-04-08,15:20,Eclipse Solar,Eclipse Solar Total en Aries 19.40° (distancia al nodo: 3.8°),35.6°,313.7°,,,,,,,,,Aries,19.40°,19°24' Aries
2024-04-09,11:23,2024-04-09,08:23,Ingreso a Signo,Luna ingresa a 0.00° de Tauro (Directo),,,,,,,,,,,,,
2024-04-10,20:36,2024-04-10,17:36,Aspecto,Marte en Conjunción con Saturno,,,Marte,Saturno,14°40' Piscis,14°40' Piscis,Conjunción,0.00°,No,Neutro,,,
2024-04-11,12:58,2024-04-11,09:58,Ingreso a Signo,Luna ingresa a 0.00° de Géminis (Directo),,,,,,,,,,,,,
2024-04-11,23:02,2024-04-11,20:02,Aspecto,Sol en Conjunción con Mercurio,,,Sol,Mercurio,22°32' Aries,22°32' Aries,Conjunción,0.00°,No,Neutro,,,
2024-04-13,17:44,2024-04-13,14:44,Ingreso a Signo,Luna ingresa a 0.00° de Cáncer (Directo),,,,,,,,,,,,,
2024-04-16,02:23,2024-04-15,23:23,Ingreso a Signo,Luna ingresa a 0.00° de Leo (Directo),,,,,,,,,,,,,
2024-04-18,14:10,2024-04-18,11:10,Ingreso a Signo,Luna ingresa a 0.00° de Virgo (Directo),,,,,,,,,,,,,
2024-04-19,08:59,2024-04-19,05:59,Aspecto,Mercurio en Conjunción con Venus,,,Mercurio,Venus,17°32' Aries,17°32' Aries,Conjunción,0.00°,No,Neutro,,,
2024-04-19,13:59,2024-04-19,10:59,Ingreso a Signo,Sol ingresa a 0.00° de Tauro (Directo),,,,,,,,,,,,,
2024-04-19,15:28,2024-04-19,12:28,Aspecto,Marte en Sextil con Júpiter,,,Marte,Júpiter,21°29' Piscis,21°29' Tauro,Sextil,0.00°,No,Armónico,,,
2024-04-19,23:55,2024-04-19,20:55,Aspecto,Marte en Sextil con Urano,,,Marte,Urano,21°46' Piscis,21°46' Tauro,Sextil,0.00°,No,Armónico,,,
2024-04-21,02:26,2024-04-20,23:26,Aspecto,Júpiter en Conjunción con Urano,,,Júpiter,Urano,21°49' Tauro,21°49' Tauro,Conjunción,0.00°,No,Neutro,,,
2024-04-21,03:08,2024-04-21,00:08,Ingreso a Signo,Luna ingresa a 0.00° de Libra (Directo),,,,,,,,,,,,,
2024-04-21,14:30,2024-04-21,11:30,Aspecto,Júpiter en Conjunción con Urano,,,Júpiter,Urano,21°56' Tauro,21°51' Tauro,Conjunción,0.09°,No,Neutro,,,
2024-04-21,17:01,2024-04-21,14:01,Aspecto,Sol en Cuadratura con Plutón,,,Sol,Plutón,2°04' Tauro,2°04' Acuario,Cuadratura,0.00°,No,Tensión,,,
2024-04-23,15:19,2024-04-23,12:19,Ingreso a Signo,Luna ingresa a 0.00° de Escorpio (Directo),,,,,,,,,,,,,
2024-04-23,23:48,2024-04-23,20:48,Luna Llena,Luna llena en Escorpio 4.30°,31.9°,85.5°,,,,,,,,,Escorpio,4.30°,4°17' Escorpio
2024-04-26,01:37,2024-04-25,22:37,Ingreso a Signo,Luna ingresa a 0.00° de Sagitario (Directo),,,,,,,,,,,,,
2024-04-28,09:37,2024-04-28,06:37,Ingreso a Signo,Luna ingresa a 0.00° de Capricornio (Directo),,,,,,,,,,,,,
2024-04-29,04:30,2024-04-29,01:30,Aspecto,Marte en Conjunción con Neptuno,,,Marte,Neptuno,28°52' Piscis,28°52' Piscis,Conjunción,0.00°,No,Neutro,,,
2024-04-29,11:31,2024-04-29,08:31,Ingreso a Signo,Venus ingresa a 0.00° de Tauro (Directo),,,,,,,,,,,,,
2024-04-30,15:19,2024-04-30,12:19,Ingreso a Signo,Luna ingresa a 0.00° de Acuario (Directo),,,,,,,,,,,,,
2024-04-30,15:32,2024-04-30,12:32,Ingreso a Signo,Marte ingresa a 0.00° de Aries (Directo),,,,,,,,,,,,,
2024-05-01,04:29,2024-05-01,01:29,Aspecto,Venus en Cuadratura con Plutón,,,Venus,Plutón,2°06' Tauro,2°06' Acuario,Cuadratura,0.00°,No,Tensión,,,
2024-05-02,17:30,2024-05-02,14:30,Inicio Retrogradación,Plutón inicia retrogradación en 2°06' Acuario,,,,,,,,,,,,,
2024-05-02,18:51,2024-05-02,15:51,Ingreso a Signo,Luna ingresa a 0.00° de Piscis (Directo),,,,,,,,,,,,,
2024-05-03,09:05,2024-05-03,06:05,Aspecto,Marte en Sextil con Plutón,,,Marte,Plutón,2°06' Aries,2°06' Acuario,Sextil,0.00°,No,Armónico,,,
2024-05-04,20:40,2024-05-04,17:40,Ingreso a Signo,Luna ingresa a 0.00° de Aries (Directo),,,,,,,,,,,,,
2024-05-06,21:42,2024-05-06,18:42,Ingreso a Signo,Luna ingresa a 0.00° de Tauro (Directo),,,,,,,,,,,,,
2024-05-07,05:42,2024-05-07,02:42,Aspecto,Sol en Sextil con Saturno,,,Sol,Saturno,17°09' Tauro,17°09' Piscis,Sextil,0.00°,No,Armónico,,,
2024-05-08,03:21,2024-05-08,00:21,Luna Nueva,Luna nueva en Tauro 18.03°,-71.5°,201.8°,,,,,,,,,Tauro,18.03°,18°02' Tauro
2024-05-08,23:20,2024-05-08,20:20,Ingreso a Signo,Luna ingresa a 0.00° de Géminis (Directo),,,,,,,,,,,,,
2024-05-11,03:13,2024-05-11,00:13,Ingreso a Signo,Luna ingresa a 0.00° de Cáncer (Directo),,,,,,,,,,,,,
2024-05-13,09:13,2024-05-13,06:13,Aspecto,Sol en Conjunción con Urano,,,Sol,Urano,23°06' Tauro,23°06' Tauro,Conjunción,0.00°,No,Neutro,,,
2024-05-13,10:36,2024-05-13,07:36,Ingreso a Signo,Luna ingresa a 0.00° de Leo (Directo),,,,,,,,,,,,,
2024-05-13,19:45,2024-05-13,16:45,Aspecto,Venus en Sextil con Saturno,,,Venus,Saturno,17°39' Tauro,17°39' Piscis,Sextil,0.00°,No,Armónico,,,
2024-05-15,17:05,2024-05-15,14:05,Ingreso a Signo,Mercurio ingresa a 0.00° de Tauro (Directo),,,,,,,,,,,,,
2024-05-15,21:32,2024-05-15,18:32,Ingreso a Signo,Luna ingresa a 0.00° de Virgo (Directo),,,,,,,,,,,,,
2024-05-17,07:43,2024-05-17,04:43,Aspecto,Mercurio en Cuadratura con Plutón,,,Mercurio,Plutón,2°03' Tauro,2°03' Acuario,Cuadratura,0.00°,No,Tensión,,,
2024-05-18,10:22,2024-05-18,07:22,Ingreso a Signo,Luna ingresa a 0.00° de Libra (Directo),,,,,,,,,,,,,
2024-05-18,11:40,2024-05-18,08:40,Aspecto,Venus en Conjunción con Urano,,,Venus,Urano,23°23' Tauro,23°23' Tauro,Conjunción,0.00°,No,Neutro,,,
2024-05-18,18:45,2024-05-18,15:45,Aspecto,Sol en Conjunción con Júpiter,,,Sol,Júpiter,28°18' Tauro,28°18' Tauro,Conjunción,0.00°,No,Neutro,,,
2024-05-19,22:45,2024-05-19,19:45,Aspecto,Sol en Sextil con Neptuno,,,Sol,Neptuno,29°25' Tauro,29°25' Piscis,Sextil,0.00°,No,Armónico,,,
2024-05-20,12:59,2024-05-20,09:59,Ingreso a Signo,Sol ingresa a 0.00° de Géminis (Directo),,,,,,,,,,,,,
2024-05-20,22:34,2024-05-20,19:34,Ingreso a Signo,Luna ingresa a 0.00° de Escorpio (Directo),,,,,,,,,,,,,
2024-05-22,15:13,2024-05-22,12:13,Aspecto,Sol en Trígono con Plutón,,,Sol,Plutón,2°00' Géminis,2°00' Acuario,Trígono,0.00°,No,Armónico,,,
2024-05-23,08:24,2024-05-23,05:24,Ingreso a Signo,Luna ingresa a 0.00° de Sagitario (Directo),,,,,,,,,,,,,
2024-05-23,08:29,2024-05-23,05:29,Aspecto,Venus en Conjunción con Júpiter,,,Venus,Júpiter,29°23' Tauro,29°23' Tauro,Conjunción,0.00°,No,Neutro,,,
2024-05-23,10:50,2024-05-23,07:50,Aspecto,Venus en Sextil con Neptuno,,,Venus,Neptuno,29°30' Tauro,29°30' Piscis,Sextil,0.00°,No,Armónico,,,
2024-05-23,13:53,2024-05-23,10:53,Luna Llena,Luna llena en Sagitario 2.92°,-25.8°,208.7°,,,,,,,,,Sagitario,2.92°,2°55' Sagitario
2024-05-23,20:30,2024-05-23,17:30,Ingreso a Signo,Venus ingresa a 0.00° de Géminis (Directo),,,,,,,,,,,,,
2024-05-23,21:44,2024-05-23,18:44,Aspecto,Júpiter en Sextil con Neptuno,,,Júpiter,Neptuno,29°30' Tauro,29°30' Piscis,Sextil,0.00°,No,Armónico,,,
2024-05-25,11:16,2024-05-25,08:16,Aspecto,Venus en Trígono con Plutón,,,Venus,Plutón,1°59' Géminis,1°59' Acuario,Trígono,0.00°,No,Armónico,,,
2024-05-25,15:35,2024-05-25,12:35,Ingreso a Signo,Luna ingresa a 0.00° de Capricornio (Directo),,,,,,,,,,,,,
2024-05-25,23:14,2024-05-25,20:14,Ingreso a Signo,Júpiter ingresa a 0.00° de Géminis (Directo),,,,,,,,,,,,,
2024-05-27,20:44,2024-05-27,17:44,Ingreso a Signo,Luna ingresa a 0.00° de Acuario (Directo),,,,,,,,,,,,,
2024-05-28,03:22,2024-05-28,00:22,Aspecto,Mercurio en Sextil con Saturno,,,Mercurio,Saturno,18°33' Tauro,18°33' Piscis,Sextil,0.00°,No,Armónico,,,
2024-05-30,00:32,2024-05-29,21:32,Ingreso a Signo,Luna ingresa a 0.00° de Piscis (Directo),,,,,,,,,,,,,
2024-05-31,05:54,2024-05-31,02:54,Aspecto,Mercurio en Conjunción con Urano,,,Mercurio,Urano,24°07' Tauro,24°07' Tauro,Conjunción,0.00°,No,Neutro,,,
2024-06-01,03:28,2024-06-01,00:28,Ingreso a Signo,Luna ingresa a 0.00° de Aries (Directo),,,,,,,,,,,,,
2024-06-03,00:12,2024-06-02,21:12,Aspecto,Júpiter en Trígono con Plutón,,,Júpiter,Plutón,1°53' Géminis,1°53' Acuario,Trígono,0.00°,No,Armónico,,,
2024-06-03,03:57,2024-06-03,00:57,Aspecto,Mercurio en Sextil con Neptuno,,,Mercurio,Neptuno,29°42' Tauro,29°42' Piscis,Sextil,0.00°,No,Armónico,,,
2024-06-03,05:55,2024-06-03,02:55,Ingreso a Signo,Luna ingresa a 0.00° de Tauro (Directo),,,,,,,,,,,,,
2024-06-03,07:36,2024-06-03,04:36,Ingreso a Signo,Mercurio ingresa a 0.00° de Géminis (Directo),,,,,,,,,,,,,
2024-06-04,06:12,2024-06-04,03:12,Aspecto,Mercurio en Trígono con Plutón,,,Mercurio,Plutón,1°52' Géminis,1°52' Acuario,Trígono,0.00°,No,Armónico,,,
2024-06-04,10:23,2024-06-04,07:23,Aspecto,Mercurio en Conjunción con Júpiter,,,Mercurio,Júpiter,2°12' Géminis,2°12' Géminis,Conjunción,0.00°,No,Neutro,,,
2024-06-04,15:33,2024-06-04,12:33,Aspecto,Sol en Conjunción con Venus,,,Sol,Venus,14°29' Géminis,14°29' Géminis,Conjunción,0.00°,No,Neutro,,,
2024-06-05,08:36,2024-06-05,05:36,Ingreso a Signo,Luna ingresa a 0.00° de Géminis (Directo),,,,,,,,,,,,,
2024-06-06,12:37,2024-06-06,09:37,Luna Nueva,Luna nueva en Géminis 16.30°,16.4°,46.3°,,,,,,,,,Géminis,16.30°,16°17' Géminis
2024-06-07,12:40,2024-06-07,09:40,Ingreso a Signo,Luna ingresa a 0.00° de Cáncer (Directo),,,,,,,,,,,,,
2024-06-08,08:25,2024-06-08,05:25,Aspecto,Venus en Cuadratura con Saturno,,,Venus,Saturno,19°02' Géminis,19°02' Piscis,Cuadratura,0.00°,No,Tensión,,,
2024-06-09,04:34,2024-06-09,01:34,Ingreso a Signo,Marte ingresa a 0.00° de Tauro (Directo),,,,,,,,,,,,,
2024-06-09,10:35,2024-06-09,07:35,Aspecto,Sol en Cuadratura con Saturno,,,Sol,Saturno,19°05' Géminis,19°05' Piscis,Cuadratura,0.00°,No,Tensión,,,
2024-06-09,19:28,2024-06-09,16:28,Ingreso a Signo,Luna ingresa a 0.00° de Leo (Directo),,,,,,,,,,,,,
2024-06-11,13:21,2024-06-11,10:21,Aspecto,Marte en Cuadratura con Plutón,,,Marte,Plutón,1°45' Tauro,1°45' Acuario,Cuadratura,0.00°,No,Tensión,,,
2024-06-12,05:38,2024-06-12,02:38,Ingreso a Signo,Luna ingresa a 0.00° de Virgo (Directo),,,,,,,,,,,,,
2024-06-12,10:47,2024-06-12,07:47,Aspecto,Mercurio en Cuadratura con Saturno,,,Mercurio,Saturno,19°10' Géminis,19°10' Piscis,Cuadratura,0.00°,No,Tensión,,,
2024-06-14,16:32,2024-06-14,13:32,Aspecto,Sol en Conjunción con Mercurio,,,Sol,Mercurio,24°06' Géminis,24°06' Géminis,Conjunción,0.00°,No,Neutro,,,
2024-06-14,18:12,2024-06-14,15:12,Ingreso a Signo,Luna ingresa a 0.00° de Libra (Directo),,,,,,,,,,,,,
2024-06-17,03:46,2024-06-17,00:46,Aspecto,Venus en Cuadratura con Neptuno,,,Venus,Neptuno,29°52' Géminis,29°52' Piscis,Cuadratura,0.00°,No,Tensión,,,
2024-06-17,06:20,2024-06-17,03:20,Ingreso a Signo,Venus ingresa a 0.00° de Cáncer (Directo),,,,,,,,,,,,,
2024-06-17,06:37,2024-06-17,03:37,Ingreso a Signo,Luna ingresa a 0.00° de Escorpio (Directo),,,,,,,,,,,,,
2024-06-17,07:41,2024-06-17,04:41,Aspecto,Mercurio en Cuadratura con Neptuno,,,Mercurio,Neptuno,29°52' Géminis,29°52' Piscis,Cuadratura,0.00°,No,Tensión,,,
2024-06-17,09:06,2024-06-17,06:06,Ingreso a Signo,Mercurio ingresa a 0.00° de Cáncer (Directo),,,,,,,,,,,,,
2024-06-17,12:42,2024-06-17,09:42,Aspecto,Mercurio en Conjunción con Venus,,,Mercurio,Venus,0°19' Cáncer,0°19' Cáncer,Conjunción,0.00°,No,Neutro,,,
2024-06-19,16:31,2024-06-19,13:31,Ingreso a Signo,Luna ingresa a 0.00° de Sagitario (Directo),,,,,,,,,,,,,
2024-06-20,18:12,2024-06-20,15:12,Aspecto,Sol en Cuadratura con Neptuno,,,Sol,Neptuno,29°53' Géminis,29°53' Piscis,Cuadratura,0.00°,No,Tensión,,,
2024-06-20,20:50,2024-06-20,17:50,Ingreso a Signo,Sol ingresa a 0.00° de Cáncer (Directo),,,,,,,,,,,,,
2024-06-21,16:22,2024-06-21,13:22,Aspecto,Mercurio en Sextil con Marte,,,Mercurio,Marte,9°12' Cáncer,9°12' Tauro,Sextil,0.00°,No,Armónico,,,
2024-06-21,23:08,2024-06-21,20:08,Ingreso a Signo,Luna ingresa a 0.00° de Capricornio (Directo),,,,,,,,,,,,,
2024-06-22,01:07,2024-06-21,22:07,Luna Llena,Luna llena en Capricornio 1.12°,53.3°,91.9°,,,,,,,,,Capricornio,1.12°,1°07' Capricornio
2024-06-24,03:14,2024-06-24,00:14,Ingreso a Signo,Luna ingresa a 0.00° de Acuario (Directo),,,,,,,,,,,,,
2024-06-26,06:07,2024-06-26,03:07,Ingreso a Signo,Luna ingresa a 0.00° de Piscis (Directo),,,,,,,,,,,,,
2024-06-26,18:09,2024-06-26,15:09,Aspecto,Mercurio en Trígono con Saturno,,,Mercurio,Saturno,19°25' Cáncer,19°25' Piscis,Trígono,0.00°,No,Armónico,,,
2024-06-28,08:51,2024-06-28,05:51,Ingreso a Signo,Luna ingresa a 0.00° de Aries (Directo),,,,,,,,,,,,,
2024-06-29,04:49,2024-06-29,01:49,Aspecto,Venus en Sextil con Marte,,,Venus,Marte,14°39' Cáncer,14°39' Tauro,Sextil,0.00°,No,Armónico,,,
2024-06-29,18:30,2024-06-29,15:30,Inicio Retrogradación,Saturno inicia retrogradación en 19°25' Piscis,,,,,,,,,,,,,
2024-06-30,02:19,2024-06-29,23:19,Aspecto,Mercurio en Sextil con Urano,,,Mercurio,Urano,25°40' Cáncer,25°40' Tauro,Sextil,0.00°,No,Armónico,,,
2024-06-30,12:00,2024-06-30,09:00,Ingreso a Signo,Luna ingresa a 0.00° de Tauro (Directo),,,,,,,,,,,,,
2024-07-02,10:11,2024-07-02,07:11,Inicio Retrogradación,Neptuno inicia retrogradación en 29°55' Piscis,,,,,,,,,,,,,
2024-07-02,11:53,2024-07-02,08:53,Aspecto,Mercurio en Trígono con Neptuno,,,Mercurio,Neptuno,29°55' Cáncer,29°55' Piscis,Trígono,0.00°,No,Armónico,,,
2024-07-02,12:50,2024-07-02,09:50,Ingreso a Signo,Mercurio ingresa a 0.00° de Leo (Directo),,,,,,,,,,,,,
2024-07-02,15:50,2024-07-02,12:50,Ingreso a Signo,Luna ingresa a 0.00° de Géminis (Directo),,,,,,,,,,,,,
2024-07-03,01:41,2024-07-02,22:41,Aspecto,Venus en Trígono con Saturno,,,Venus,Saturno,19°25' Cáncer,19°25' Piscis,Trígono,0.00°,No,Armónico,,,
2024-07-03,07:26,2024-07-03,04:26,Aspecto,Mercurio en Oposición con Plutón,,,Mercurio,Plutón,1°19' Leo,1°19' Acuario,Oposición,0.00°,No,Tensión,,,
2024-07-04,20:51,2024-07-04,17:51,Ingreso a Signo,Luna ingresa a 0.00° de Cáncer (Directo),,,,,,,,,,,,,
2024-07-05,19:02,2024-07-05,16:02,Aspecto,Marte en Sextil con Saturno,,,Marte,Saturno,19°23' Tauro,19°23' Piscis,Sextil,0.00°,No,Armónico,,,
2024-07-05,22:57,2024-07-05,19:57,Luna Nueva,Luna nueva en Cáncer 14.39°,-24.3°,281.7°,,,,,,,,,Cáncer,14.39°,14°23' Cáncer
2024-07-07,03:55,2024-07-07,00:55,Ingreso a Signo,Luna ingresa a 0.00° de Leo (Directo),,,,,,,,,,,,,
2024-07-08,11:04,2024-07-08,08:04,Aspecto,Venus en Sextil con Urano,,,Venus,Urano,26°02' Cáncer,26°02' Tauro,Sextil,0.00°,No,Armónico,,,
2024-07-08,14:26,2024-07-08,11:26,Aspecto,Mercurio en Sextil con Júpiter,,,Mercurio,Júpiter,9°50' Leo,9°50' Géminis,Sextil,0.00°,No,Armónico,,,
2024-07-09,13:47,2024-07-09,10:47,Ingreso a Signo,Luna ingresa a 0.00° de Virgo (Directo),,,,,,,,,,,,,
2024-07-11,03:04,2024-07-11,00:04,Aspecto,Sol en Trígono con Saturno,,,Sol,Saturno,19°19' Cáncer,19°19' Piscis,Trígono,0.00°,No,Armónico,,,
2024-07-11,14:32,2024-07-11,11:32,Aspecto,Venus en Trígono con Neptuno,,,Venus,Neptuno,29°54' Cáncer,29°54' Piscis,Trígono,0.00°,No,Armónico,,,
2024-07-11,16:18,2024-07-11,13:18,Ingreso a Signo,Venus ingresa a 0.00° de Leo (Directo),,,,,,,,,,,,,
2024-07-12,02:06,2024-07-11,23:06,Ingreso a Signo,Luna ingresa a 0.00° de Libra (Directo),,,,,,,,,,,,,
2024-07-12,14:11,2024-07-12,11:11,Aspecto,Venus en Oposición con Plutón,,,Venus,Plutón,1°07' Leo,1°07' Acuario,Oposición,0.00°,No,Tensión,,,
2024-07-14,14:52,2024-07-14,11:52,Ingreso a Signo,Luna ingresa a 0.00° de Escorpio (Directo),,,,,,,,,,,,,
2024-07-15,14:04,2024-07-15,11:04,Aspecto,Marte en Conjunción con Urano,,,Marte,Urano,26°19' Tauro,26°19' Tauro,Conjunción,0.00°,No,Neutro,,,
2024-07-17,01:24,2024-07-16,22:24,Ingreso a Signo,Luna ingresa a 0.00° de Sagitario (Directo),,,,,,,,,,,,,
2024-07-18,14:00,2024-07-18,11:00,Aspecto,Sol en Sextil con Urano,,,Sol,Urano,26°25' Cáncer,26°25' Tauro,Sextil,0.00°,No,Armónico,,,
2024-07-19,08:13,2024-07-19,05:13,Ingreso a Signo,Luna ingresa a 0.00° de Capricornio (Directo),,,,,,,,,,,,,
2024-07-20,15:17,2024-07-20,12:17,Aspecto,Marte en Sextil con Neptuno,,,Marte,Neptuno,29°50' Tauro,29°50' Piscis,Sextil,0.00°,No,Armónico,,,
2024-07-20,20:43,2024-07-20,17:43,Ingreso a Signo,Marte ingresa a 0.00° de Géminis (Directo),,,,,,,,,,,,,
2024-07-21,10:17,2024-07-21,07:17,Luna Llena,Luna llena en Capricornio 29.15°,10.6°,247.5°,,,,,,,,,Capricornio,29.15°,29°08' Capricornio
2024-07-21,11:43,2024-07-21,08:43,Ingreso a Signo,Luna ingresa a 0.00° de Acuario (Directo),,,,,,,,,,,,,
2024-07-21,20:43,2024-07-21,17:43,Aspecto,Venus en Sextil con Júpiter,,,Venus,Júpiter,12°30' Leo,12°30' Géminis,Sextil,0.00°,No,Armónico,,,
2024-07-21,22:20,2024-07-21,19:20,Aspecto,Mercurio en Cuadratura con Urano,,,Mercurio,Urano,26°32' Leo,26°32' Tauro,Cuadratura,0.00°,No,Tensión,,,
2024-07-22,03:25,2024-07-22,00:25,Aspecto,Sol en Trígono con Neptuno,,,Sol,Neptuno,29°49' Cáncer,29°49' Piscis,Trígono,0.00°,No,Armónico,,,
2024-07-22,03:47,2024-07-22,00:47,Aspecto,Marte en Trígono con Plutón,,,Marte,Plutón,0°53' Géminis,0°53' Acuario,Trígono,0.00°,No,Armónico,,,
2024-07-22,07:44,2024-07-22,04:44,Ingreso a Signo,Sol ingresa a 0.00° de Leo (Directo),,,,,,,,,,,,,
2024-07-23,05:37,2024-07-23,02:37,Aspecto,Sol en Oposición con Plutón,,,Sol,Plutón,0°52' Leo,0°52' Acuario,Oposición,0.00°,No,Tensión,,,
2024-07-23,13:22,2024-07-23,10:22,Ingreso a Signo,Luna ingresa a 0.00° de Piscis (Directo),,,,,,,,,,,,,
2024-07-25,14:52,2024-07-25,11:52,Ingreso a Signo,Luna ingresa a 0.00° de Aries (Directo),,,,,,,,,,,,,
2024-07-25,22:41,2024-07-25,19:41,Ingreso a Signo,Mercurio ingresa a 0.00° de Virgo (Directo),,,,,,,,,,,,,
2024-07-26,02:32,2024-07-25,23:32,Aspecto,Sol en Sextil con Marte,,,Sol,Marte,3°36' Leo,3°36' Géminis,Sextil,0.00°,No,Armónico,,,
2024-07-27,17:22,2024-07-27,14:22,Ingreso a Signo,Luna ingresa a 0.00° de Tauro (Directo),,,,,,,,,,,,,
2024-07-29,21:27,2024-07-29,18:27,Ingreso a Signo,Luna ingresa a 0.00° de Géminis (Directo),,,,,,,,,,,,,
2024-08-01,03:19,2024-08-01,00:19,Ingreso a Signo,Luna ingresa a 0.00° de Cáncer (Directo),,,,,,,,,,,,,
2024-08-02,13:26,2024-08-02,10:26,Aspecto,Venus en Cuadratura con Urano,,,Venus,Urano,26°52' Leo,26°52' Tauro,Cuadratura,0.00°,No,Tensión,,,
2024-08-03,11:09,2024-08-03,08:09,Ingreso a Signo,Luna ingresa a 0.00° de Leo (Directo),,,,,,,,,,,,,
2024-08-04,11:12,2024-08-04,08:12,Luna Nueva,Luna nueva en Leo 12.57°,4.8°,65.6°,,,,,,,,,Leo,12.57°,12°34' Leo
2024-08-05,02:22,2024-08-04,23:22,Ingreso a Signo,Venus ingresa a 0.00° de Virgo (Directo),,,,,,,,,,,,,
2024-08-05,04:26,2024-08-05,01:26,Inicio Retrogradación,Mercurio inicia retrogradación en 4°06' Virgo,,,,,,,,,,,,,
2024-08-05,21:16,2024-08-05,18:16,Ingreso a Signo,Luna ingresa a 0.00° de Virgo (Directo),,,,,,,,,,,,,
2024-08-07,13:36,2024-08-07,10:36,Aspecto,Sol en Sextil con Júpiter,,,Sol,Júpiter,15°32' Leo,15°32' Géminis,Sextil,0.00°,No,Armónico,,,
2024-08-08,03:12,2024-08-08,00:12,Aspecto,Mercurio en Conjunción con Venus,,,Mercurio,Venus,3°43' Virgo,3°43' Virgo,Conjunción,0.00°,No,Neutro,,,
2024-08-08,09:31,2024-08-08,06:31,Ingreso a Signo,Luna ingresa a 0.00° de Libra (Directo),,,,,,,,,,,,,
2024-08-10,22:33,2024-08-10,19:33,Ingreso a Signo,Luna ingresa a 0.00° de Escorpio (Directo),,,,,,,,,,,,,
2024-08-13,10:00,2024-08-13,07:00,Ingreso a Signo,Luna ingresa a 0.00° de Sagitario (Directo),,,,,,,,,,,,,
2024-08-14,15:21,2024-08-14,12:21,Aspecto,Marte en Conjunción con Júpiter,,,Marte,Júpiter,16°40' Géminis,16°40' Géminis,Conjunción,0.00°,No,Neutro,,,
2024-08-15,00:15,2024-08-14,21:15,Ingreso a Signo,Mercurio deja a 29.99° de Virgo (Retrógrado),,,,,,,,,,,,,
2024-08-15,17:51,2024-08-15,14:51,Ingreso a Signo,Luna ingresa a 0.00° de Capricornio (Directo),,,,,,,,,,,,,
2024-08-16,05:30,2024-08-16,02:30,Aspecto,Marte en Cuadratura con Saturno,,,Marte,Saturno,17°42' Géminis,17°42' Piscis,Cuadratura,0.00°,No,Tensión,,,
2024-08-17,21:44,2024-08-17,18:44,Ingreso a Signo,Luna ingresa a 0.00° de Acuario (Directo),,,,,,,,,,,,,
2024-08-18,09:46,2024-08-18,06:46,Aspecto,Mercurio en Cuadratura con Urano,,,Mercurio,Urano,27°10' Leo,27°10' Tauro,Cuadratura,0.00°,No,Tensión,,,
2024-08-19,01:58,2024-08-18,22:58,Aspecto,Sol en Conjunción con Mercurio,,,Sol,Mercurio,26°35' Leo,26°35' Leo,Conjunción,0.00°,No,Neutro,,,
2024-08-19,05:53,2024-08-19,02:53,Aspecto,Venus en Cuadratura con Júpiter,,,Venus,Júpiter,17°21' Virgo,17°21' Géminis,Cuadratura,0.00°,No,Tensión,,,
2024-08-19,08:29,2024-08-19,05:29,Aspecto,Venus en Oposición con Saturno,,,Venus,Saturno,17°29' Virgo,17°29' Piscis,Oposición,0.00°,No,Tensión,,,
2024-08-19,16:45,2024-08-19,13:45,Aspecto,Sol en Cuadratura con Urano,,,Sol,Urano,27°11' Leo,27°11' Tauro,Cuadratura,0.00°,No,Tensión,,,
2024-08-19,18:25,2024-08-19,15:25,Luna Llena,Luna llena en Acuario 27.25°,-30.2°,139.6°,,,,,,,,,Acuario,27.25°,27°15' Acuario
2024-08-19,21:46,2024-08-19,18:46,Aspecto,Júpiter en Cuadratura con Saturno,,,Júpiter,Saturno,17°27' Géminis,17°27' Piscis,Cuadratura,0.00°,No,Tensión,,,
2024-08-19,22:51,2024-08-19,19:51,Ingreso a Signo,Luna ingresa a 0.00° de Piscis (Directo),,,,,,,,,,,,,
2024-08-21,23:01,2024-08-21,20:01,Ingreso a Signo,Luna ingresa a 0.00° de Aries (Directo),,,,,,,,,,,,,
2024-08-22,14:55,2024-08-22,11:55,Ingreso a Signo,Sol ingresa a 0.00° de Virgo (Directo),,,,,,,,,,,,,
2024-08-23,03:20,2024-08-23,00:20,Aspecto,Venus en Cuadratura con Marte,,,Venus,Marte,22°08' Virgo,22°08' Géminis,Cuadratura,0.00°,No,Tensión,,,
2024-08-24,00:00,2024-08-23,21:00,Ingreso a Signo,Luna ingresa a 0.00° de Tauro (Directo),,,,,,,,,,,,,
2024-08-24,04:30,2024-08-24,01:30,Aspecto,Mercurio en Sextil con Marte,,,Mercurio,Marte,22°48' Leo,22°48' Géminis,Sextil,0.00°,No,Armónico,,,
2024-08-26,03:03,2024-08-26,00:03,Ingreso a Signo,Luna ingresa a 0.00° de Géminis (Directo),,,,,,,,,,,,,
2024-08-27,07:23,2024-08-27,04:23,Aspecto,Venus en Trígono con Urano,,,Venus,Urano,27°14' Virgo,27°14' Tauro,Trígono,0.00°,No,Armónico,,,
2024-08-28,08:47,2024-08-28,05:47,Ingreso a Signo,Luna ingresa a 0.00° de Cáncer (Directo),,,,,,,,,,,,,
2024-08-28,20:24,2024-08-28,17:24,Aspecto,Venus en Oposición con Neptuno,,,Venus,Neptuno,29°08' Virgo,29°08' Piscis,Oposición,0.00°,No,Tensión,,,
2024-08-29,13:22,2024-08-29,10:22,Ingreso a Signo,Venus ingresa a 0.00° de Libra (Directo),,,,,,,,,,,,,
2024-08-29,14:31,2024-08-29,11:31,Aspecto,Venus en Trígono con Plutón,,,Venus,Plutón,0°03' Libra,0°03' Acuario,Trígono,0.00°,No,Armónico,,,
2024-08-30,17:09,2024-08-30,14:09,Ingreso a Signo,Luna ingresa a 0.00° de Leo (Directo),,,,,,,,,,,,,
2024-09-01,14:30,2024-09-01,11:30,Inicio Retrogradación,Urano inicia retrogradación en 27°15' Tauro,,,,,,,,,,,,,
2024-09-01,23:57,2024-09-01,20:57,Ingreso a Signo,Plutón deja a 29.99° de Acuario (Retrógrado),,,,,,,,,,,,,
2024-09-02,03:48,2024-09-02,00:48,Ingreso a Signo,Luna ingresa a 0.00° de Virgo (Directo),,,,,,,,,,,,,
2024-09-03,01:55,2024-09-02,22:55,Luna Nueva,Luna nueva en Virgo 11.07°,-51.7°,231.7°,,,,,,,,,Virgo,11.07°,11°04' Virgo
2024-09-03,04:09,2024-09-03,01:09,Aspecto,Marte en Cuadratura con Neptuno,,,Marte,Neptuno,28°59' Géminis,28°59' Piscis,Cuadratura,0.00°,No,Tensión,,,
2024-09-04,16:11,2024-09-04,13:11,Ingreso a Signo,Luna ingresa a 0.00° de Libra (Directo),,,,,,,,,,,,,
2024-09-04,19:46,2024-09-04,16:46,Ingreso a Signo,Marte ingresa a 0.00° de Cáncer (Directo),,,,,,,,,,,,,
2024-09-07,04:20,2024-09-07,01:20,Aspecto,Mercurio en Cuadratura con Urano,,,Mercurio,Urano,27°14' Leo,27°14' Tauro,Cuadratura,0.00°,No,Tensión,,,
2024-09-07,05:18,2024-09-07,02:18,Ingreso a Signo,Luna ingresa a 0.00° de Escorpio (Directo),,,,,,,,,,,,,
2024-09-08,04:35,2024-09-08,01:35,Aspecto,Sol en Oposición con Saturno,,,Sol,Saturno,16°01' Virgo,16°01' Piscis,Oposición,0.00°,No,Tensión,,,
2024-09-09,06:50,2024-09-09,03:50,Ingreso a Signo,Mercurio ingresa a 0.00° de Virgo (Directo),,,,,,,,,,,,,
2024-09-09,17:25,2024-09-09,14:25,Ingreso a Signo,Luna ingresa a 0.00° de Sagitario (Directo),,,,,,,,,,,,,
2024-09-12,02:37,2024-09-11,23:37,Ingreso a Signo,Luna ingresa a 0.00° de Capricornio (Directo),,,,,,,,,,,,,
2024-09-12,03:41,2024-09-12,00:41,Aspecto,Mercurio en Sextil con Marte,,,Mercurio,Marte,4°21' Virgo,4°21' Cáncer,Sextil,0.00°,No,Armónico,,,
2024-09-12,10:52,2024-09-12,07:52,Aspecto,Sol en Cuadratura con Júpiter,,,Sol,Júpiter,20°10' Virgo,20°10' Géminis,Cuadratura,0.00°,No,Tensión,,,
2024-09-14,07:53,2024-09-14,04:53,Ingreso a Signo,Luna ingresa a 0.00° de Acuario (Directo),,,,,,,,,,,,,
2024-09-15,05:34,2024-09-15,02:34,Aspecto,Venus en Trígono con Júpiter,,,Venus,Júpiter,20°23' Libra,20°23' Géminis,Trígono,0.00°,No,Armónico,,,
2024-09-16,09:38,2024-09-16,06:38,Ingreso a Signo,Luna ingresa a 0.00° de Piscis (Directo),,,,,,,,,,,,,
2024-09-18,02:34,2024-09-17,23:34,Luna Llena,Luna llena en Piscis 25.68°,53.0°,32.8°,,,,,,,,,Piscis,25.68°,25°40' Piscis
2024-09-18,08:50,2024-09-18,05:50,Aspecto,Mercurio en Oposición con Saturno,,,Mercurio,Saturno,15°15' Virgo,15°15' Piscis,Oposición,0.00°,No,Tensión,,,
2024-09-18,09:23,2024-09-18,06:23,Ingreso a Signo,Luna ingresa a 0.00° de Aries (Directo),,,,,,,,,,,,,
2024-09-19,14:04,2024-09-19,11:04,Aspecto,Sol en Trígono con Urano,,,Sol,Urano,27°07' Virgo,27°07' Tauro,Trígono,0.00°,No,Armónico,,,
2024-09-20,09:02,2024-09-20,06:02,Ingreso a Signo,Luna ingresa a 0.00° de Tauro (Directo),,,,,,,,,,,,,
2024-09-21,00:16,2024-09-20,21:16,Aspecto,Sol en Oposición con Neptuno,,,Sol,Neptuno,28°30' Virgo,28°30' Piscis,Oposición,0.00°,No,Tensión,,,
2024-09-21,08:49,2024-09-21,05:49,Aspecto,Mercurio en Cuadratura con Júpiter,,,Mercurio,Júpiter,20°48' Virgo,20°48' Géminis,Cuadratura,0.00°,No,Tensión,,,
2024-09-22,06:11,2024-09-22,03:11,Aspecto,Sol en Trígono con Plutón,,,Sol,Plutón,29°44' Virgo,29°44' Capricornio,Trígono,0.00°,No,Armónico,,,
2024-09-22,10:24,2024-09-22,07:24,Ingreso a Signo,Luna ingresa a 0.00° de Géminis (Directo),,,,,,,,,,,,,
2024-09-22,12:43,2024-09-22,09:43,Ingreso a Signo,Sol ingresa a 0.00° de Libra (Directo),,,,,,,,,,,,,
2024-09-22,21:14,2024-09-22,18:14,Aspecto,Venus en Cuadratura con Plutón,,,Venus,Plutón,29°43' Libra,29°43' Capricornio,Cuadratura,0.00°,No,Tensión,,,
2024-09-23,02:36,2024-09-22,23:36,Ingreso a Signo,Venus ingresa a 0.00° de Escorpio (Directo),,,,,,,,,,,,,
2024-09-24,14:50,2024-09-24,11:50,Ingreso a Signo,Luna ingresa a 0.00° de Cáncer (Directo),,,,,,,,,,,,,
2024-09-24,17:27,2024-09-24,14:27,Aspecto,Mercurio en Trígono con Urano,,,Mercurio,Urano,27°02' Virgo,27°02' Tauro,Trígono,0.00°,No,Armónico,,,
2024-09-25,11:06,2024-09-25,08:06,Aspecto,Mercurio en Oposición con Neptuno,,,Mercurio,Neptuno,28°23' Virgo,28°23' Piscis,Oposición,0.00°,No,Tensión,,,
2024-09-26,04:13,2024-09-26,01:13,Aspecto,Mercurio en Trígono con Plutón,,,Mercurio,Plutón,29°42' Virgo,29°42' Capricornio,Trígono,0.00°,No,Armónico,,,
2024-09-26,08:08,2024-09-26,05:08,Ingreso a Signo,Mercurio ingresa a 0.00° de Libra (Directo),,,,,,,,,,,,,
2024-09-26,22:47,2024-09-26,19:47,Ingreso a Signo,Luna ingresa a 0.00° de Leo (Directo),,,,,,,,,,,,,
2024-09-29,09:41,2024-09-29,06:41,Ingreso a Signo,Luna ingresa a 0.00° de Virgo (Directo),,,,,,,,,,,,,
2024-09-30,04:06,2024-09-30,01:06,Aspecto,Marte en Trígono con Saturno,,,Marte,Saturno,14°24' Cáncer,14°24' Piscis,Trígono,0.00°,No,Armónico,,,
2024-09-30,21:09,2024-09-30,18:09,Aspecto,Sol en Conjunción con Mercurio,,,Sol,Mercurio,8°11' Libra,8°11' Libra,Conjunción,0.00°,No,Neutro,,,
2024-10-01,22:19,2024-10-01,19:19,Ingreso a Signo,Luna ingresa a 0.00° de Libra (Directo),,,,,,,,,,,,,
2024-10-02,18:49,2024-10-02,15:49,Luna Nueva,Luna nueva en Libra 10.06°,37.2°,294.6°,,,,,,,,,Libra,10.06°,10°03' Libra
2024-10-02,18:49,2024-10-02,15:49,Eclipse Solar,Eclipse Solar Total en Libra 10.06° (distancia al nodo: -3.4°),37.2°,294.6°,,,,,,,,,Libra,10.06°,10°03' Libra
2024-10-04,11:22,2024-10-04,08:22,Ingreso a Signo,Luna ingresa a 0.00° de Escorpio (Directo),,,,,,,,,,,,,
2024-10-04,17:03,2024-10-04,14:03,Aspecto,Venus en Trígono con Saturno,,,Venus,Saturno,14°07' Escorpio,14°07' Piscis,Trígono,0.00°,No,Armónico,,,
2024-10-06,06:36,2024-10-06,03:36,Aspecto,Mercurio en Cuadratura con Marte,,,Mercurio,Marte,17°33' Libra,17°33' Cáncer,Cuadratura,0.00°,No,Tensión,,,
2024-10-06,23:34,2024-10-06,20:34,Ingreso a Signo,Luna ingresa a 0.00° de Sagitario (Directo),,,,,,,,,,,,,
2024-10-08,10:21,2024-10-08,07:21,Aspecto,Venus en Trígono con Marte,,,Venus,Marte,18°38' Escorpio,18°38' Cáncer,Trígono,0.00°,No,Armónico,,,
2024-10-08,12:22,2024-10-08,09:22,Aspecto,Mercurio en Trígono con Júpiter,,,Mercurio,Júpiter,21°20' Libra,21°20' Géminis,Trígono,0.00°,No,Armónico,,,
2024-10-09,06:30,2024-10-09,03:30,Inicio Retrogradación,Júpiter inicia retrogradación en 21°20' Géminis,,,,,,,,,,,,,
2024-10-09,09:38,2024-10-09,06:38,Ingreso a Signo,Luna ingresa a 0.00° de Capricornio (Directo),,,,,,,,,,,,,
2024-10-11,16:31,2024-10-11,13:31,Ingreso a Signo,Luna ingresa a 0.00° de Acuario (Directo),,,,,,,,,,,,,
2024-10-12,00:03,2024-10-11,21:03,Fin Retrogradación,Plutón termina retrogradación en 29°38' Capricornio,,,,,,,,,,,,,
2024-10-13,14:02,2024-10-13,11:02,Aspecto,Mercurio en Cuadratura con Plutón,,,Mercurio,Plutón,29°38' Libra,29°38' Capricornio,Cuadratura,0.00°,No,Tensión,,,
2024-10-13,19:23,2024-10-13,16:23,Ingreso a Signo,Mercurio ingresa a 0.00° de Escorpio (Directo),,,,,,,,,,,,,
2024-10-13,19:55,2024-10-13,16:55,Ingreso a Signo,Luna ingresa a 0.00° de Piscis (Directo),,,,,,,,,,,,,
2024-10-14,03:52,2024-10-14,00:52,Aspecto,Sol en Trígono con Júpiter,,,Sol,Júpiter,21°17' Libra,21°17' Géminis,Trígono,0.00°,No,Armónico,,,
2024-10-14,08:15,2024-10-14,05:15,Aspecto,Sol en Cuadratura con Marte,,,Sol,Marte,21°28' Libra,21°28' Cáncer,Cuadratura,0.00°,No,Tensión,,,
2024-10-14,22:22,2024-10-14,19:22,Aspecto,Venus en Oposición con Urano,,,Venus,Urano,26°30' Escorpio,26°30' Tauro,Oposición,0.00°,No,Tensión,,,
2024-10-15,20:34,2024-10-15,17:34,Ingreso a Signo,Luna ingresa a 0.00° de Aries (Directo),,,,,,,,,,,,,
2024-10-16,00:49,2024-10-15,21:49,Aspecto,Venus en Trígono con Neptuno,,,Venus,Neptuno,27°51' Escorpio,27°51' Piscis,Trígono,0.00°,No,Armónico,,,
2024-10-17,11:26,2024-10-17,08:26,Luna Llena,Luna llena en Aries 24.58°,-29.6°,263.5°,,,,,,,,,Aries,24.58°,24°35' Aries
2024-10-17,12:30,2024-10-17,09:30,Aspecto,Venus en Sextil con Plutón,,,Venus,Plutón,29°38' Escorpio,29°38' Capricornio,Sextil,0.00°,No,Armónico,,,
2024-10-17,19:28,2024-10-17,16:28,Ingreso a Signo,Venus ingresa a 0.00° de Sagitario (Directo),,,,,,,,,,,,,
2024-10-17,19:59,2024-10-17,16:59,Ingreso a Signo,Luna ingresa a 0.00° de Tauro (Directo),,,,,,,,,,,,,
2024-10-19,20:07,2024-10-19,17:07,Ingreso a Signo,Luna ingresa a 0.00° de Géminis (Directo),,,,,,,,,,,,,
2024-10-21,22:49,2024-10-21,19:49,Ingreso a Signo,Luna ingresa a 0.00° de Cáncer (Directo),,,,,,,,,,,,,
2024-10-22,06:34,2024-10-22,03:34,Aspecto,Mercurio en Trígono con Saturno,,,Mercurio,Saturno,13°11' Escorpio,13°11' Piscis,Trígono,0.00°,No,Armónico,,,
2024-10-22,14:15,2024-10-22,11:15,Aspecto,Sol en Cuadratura con Plutón,,,Sol,Plutón,29°40' Libra,29°40' Capricornio,Cuadratura,0.00°,No,Tensión,,,
2024-10-22,22:14,2024-10-22,19:14,Ingreso a Signo,Sol ingresa a 0.00° de Escorpio (Directo),,,,,,,,,,,,,
2024-10-24,05:23,2024-10-24,02:23,Ingreso a Signo,Luna ingresa a 0.00° de Leo (Directo),,,,,,,,,,,,,
2024-10-25,00:13,2024-10-24,21:13,Aspecto,Marte en Sextil con Urano,,,Marte,Urano,26°10' Cáncer,26°10' Tauro,Sextil,0.00°,No,Armónico,,,
2024-10-26,15:47,2024-10-26,12:47,Ingreso a Signo,Luna ingresa a 0.00° de Virgo (Directo),,,,,,,,,,,,,
2024-10-28,12:30,2024-10-28,09:30,Aspecto,Marte en Trígono con Neptuno,,,Marte,Neptuno,27°34' Cáncer,27°34' Piscis,Trígono,0.00°,No,Armónico,,,
2024-10-28,13:34,2024-10-28,10:34,Aspecto,Venus en Cuadratura con Saturno,,,Venus,Saturno,12°58' Sagitario,12°58' Piscis,Cuadratura,0.00°,No,Tensión,,,
2024-10-29,04:29,2024-10-29,01:29,Ingreso a Signo,Luna ingresa a 0.00° de Libra (Directo),,,,,,,,,,,,,
2024-10-30,22:14,2024-10-30,19:14,Aspecto,Mercurio en Oposición con Urano,,,Mercurio,Urano,25°56' Escorpio,25°56' Tauro,Oposición,0.00°,No,Tensión,,,
2024-10-31,17:29,2024-10-31,14:29,Ingreso a Signo,Luna ingresa a 0.00° de Escorpio (Directo),,,,,,,,,,,,,
2024-11-01,00:33,2024-10-31,21:33,Aspecto,Mercurio en Trígono con Neptuno,,,Mercurio,Neptuno,27°30' Escorpio,27°30' Piscis,Trígono,0.00°,No,Armónico,,,
2024-11-01,12:47,2024-11-01,09:47,Luna Nueva,Luna nueva en Escorpio 9.59°,46.9°,73.3°,,,,,,,,,Escorpio,9.59°,9°35' Escorpio
2024-11-02,08:21,2024-11-02,05:21,Aspecto,Mercurio en Trígono con Marte,,,Mercurio,Marte,29°21' Escorpio,29°21' Cáncer,Trígono,0.00°,No,Armónico,,,
2024-11-02,15:03,2024-11-02,12:03,Aspecto,Mercurio en Sextil con Plutón,,,Mercurio,Plutón,29°45' Escorpio,29°45' Capricornio,Sextil,0.00°,No,Armónico,,,
2024-11-02,19:17,2024-11-02,16:17,Ingreso a Signo,Mercurio ingresa a 0.00° de Sagitario (Directo),,,,,,,,,,,,,
2024-11-03,05:19,2024-11-03,02:19,Ingreso a Signo,Luna ingresa a 0.00° de Sagitario (Directo),,,,,,,,,,,,,
2024-11-03,11:36,2024-11-03,08:36,Aspecto,Marte en Oposición con Plutón,,,Marte,Plutón,29°45' Cáncer,29°45' Capricornio,Oposición,0.00°,No,Tensión,,,
2024-11-03,15:25,2024-11-03,12:25,Aspecto,Venus en Oposición con Júpiter,,,Venus,Júpiter,20°16' Sagitario,20°16' Géminis,Oposición,0.00°,No,Tensión,,,
2024-11-04,04:09,2024-11-04,01:09,Ingreso a Signo,Marte ingresa a 0.00° de Leo (Directo),,,,,,,,,,,,,
2024-11-04,17:36,2024-11-04,14:36,Aspecto,Sol en Trígono con Saturno,,,Sol,Saturno,12°47' Escorpio,12°47' Piscis,Trígono,0.00°,No,Armónico,,,
2024-11-05,15:17,2024-11-05,12:17,Ingreso a Signo,Luna ingresa a 0.00° de Capricornio (Directo),,,,,,,,,,,,,
2024-11-07,22:57,2024-11-07,19:57,Ingreso a Signo,Luna ingresa a 0.00° de Acuario (Directo),,,,,,,,,,,,,
2024-11-09,13:15,2024-11-09,10:15,Aspecto,Venus en Cuadratura con Neptuno,,,Venus,Neptuno,27°21' Sagitario,27°21' Piscis,Cuadratura,0.00°,No,Tensión,,,
2024-11-10,03:59,2024-11-10,00:59,Ingreso a Signo,Luna ingresa a 0.00° de Piscis (Directo),,,,,,,,,,,,,
2024-11-11,18:25,2024-11-11,15:25,Ingreso a Signo,Venus ingresa a 0.00° de Capricornio (Directo),,,,,,,,,,,,,
2024-11-12,06:25,2024-11-12,03:25,Ingreso a Signo,Luna ingresa a 0.00° de Aries (Directo),,,,,,,,,,,,,
2024-11-12,13:21,2024-11-12,10:21,Aspecto,Mercurio en Cuadratura con Saturno,,,Mercurio,Saturno,12°42' Sagitario,12°42' Piscis,Cuadratura,0.00°,No,Tensión,,,
2024-11-14,06:59,2024-11-14,03:59,Ingreso a Signo,Luna ingresa a 0.00° de Tauro (Directo),,,,,,,,,,,,,
2024-11-15,13:50,2024-11-15,10:50,Fin Retrogradación,Saturno termina retrogradación en 12°41' Piscis,,,,,,,,,,,,,
2024-11-15,21:28,2024-11-15,18:28,Luna Llena,Luna llena en Tauro 24.01°,-14.7°,71.9°,,,,,,,,,Tauro,24.01°,24°00' Tauro
2024-11-16,07:08,2024-11-16,04:08,Ingreso a Signo,Luna ingresa a 0.00° de Géminis (Directo),,,,,,,,,,,,,
2024-11-17,02:44,2024-11-16,23:44,Aspecto,Sol en Oposición con Urano,,,Sol,Urano,25°14' Escorpio,25°14' Tauro,Oposición,0.00°,No,Tensión,,,
2024-11-18,08:49,2024-11-18,05:49,Ingreso a Signo,Luna ingresa a 0.00° de Cáncer (Directo),,,,,,,,,,,,,
2024-11-18,08:55,2024-11-18,05:55,Aspecto,Mercurio en Oposición con Júpiter,,,Mercurio,Júpiter,18°47' Sagitario,18°47' Géminis,Oposición,0.00°,No,Tensión,,,
2024-11-19,02:07,2024-11-18,23:07,Aspecto,Sol en Trígono con Neptuno,,,Sol,Neptuno,27°13' Escorpio,27°13' Piscis,Trígono,0.00°,No,Armónico,,,
2024-11-19,20:39,2024-11-19,17:39,Ingreso a Signo,Plutón ingresa a 0.00° de Acuario (Directo),,,,,,,,,,,,,
2024-11-20,13:50,2024-11-20,10:50,Ingreso a Signo,Luna ingresa a 0.00° de Leo (Directo),,,,,,,,,,,,,
2024-11-21,19:56,2024-11-21,16:56,Ingreso a Signo,Sol ingresa a 0.00° de Sagitario (Directo),,,,,,,,,,,,,
2024-11-21,20:49,2024-11-21,17:49,Aspecto,Sol en Sextil con Plutón,,,Sol,Plutón,0°02' Sagitario,0°02' Acuario,Sextil,0.00°,No,Armónico,,,
2024-11-22,11:55,2024-11-22,08:55,Aspecto,Venus en Sextil con Saturno,,,Venus,Saturno,12°44' Capricornio,12°44' Piscis,Sextil,0.00°,No,Armónico,,,
2024-11-22,23:00,2024-11-22,20:00,Ingreso a Signo,Luna ingresa a 0.00° de Virgo (Directo),,,,,,,,,,,,,
2024-11-25,11:19,2024-11-25,08:19,Ingreso a Signo,Luna ingresa a 0.00° de Libra (Directo),,,,,,,,,,,,,
2024-11-26,02:12,2024-11-25,23:12,Inicio Retrogradación,Mercurio inicia retrogradación en 22°40' Sagitario,,,,,,,,,,,,,
2024-11-27,08:06,2024-11-27,05:06,Aspecto,Sol en Trígono con Marte,,,Sol,Marte,5°34' Sagitario,5°34' Leo,Trígono,0.00°,No,Armónico,,,
2024-11-28,00:20,2024-11-27,21:20,Ingreso a Signo,Luna ingresa a 0.00° de Escorpio (Directo),,,,,,,,,,,,,
2024-11-30,11:52,2024-11-30,08:52,Ingreso a Signo,Luna ingresa a 0.00° de Sagitario (Directo),,,,,,,,,,,,,
2024-12-01,06:21,2024-12-01,03:21,Luna Nueva,Luna nueva en Sagitario 9.55°,-22.1°,140.3°,,,,,,,,,Sagitario,9.55°,9°32' Sagitario
2024-12-02,14:43,2024-12-02,11:43,Aspecto,Venus en Trígono con Urano,,,Venus,Urano,24°36' Capricornio,24°36' Tauro,Trígono,0.00°,No,Armónico,,,
2024-12-02,21:09,2024-12-02,18:09,Ingreso a Signo,Luna ingresa a 0.00° de Capricornio (Directo),,,,,,,,,,,,,
2024-12-04,10:15,2024-12-04,07:15,Aspecto,Mercurio en Oposición con Júpiter,,,Mercurio,Júpiter,16°43' Sagitario,16°43' Géminis,Oposición,0.00°,No,Tensión,,,
2024-12-04,16:18,2024-12-04,13:18,Aspecto,Sol en Cuadratura con Saturno,,,Sol,Saturno,13°00' Sagitario,13°00' Piscis,Cuadratura,0.00°,No,Tensión,,,
2024-12-04,18:51,2024-12-04,15:51,Aspecto,Venus en Sextil con Neptuno,,,Venus,Neptuno,27°08' Capricornio,27°08' Piscis,Sextil,0.00°,No,Armónico,,,
2024-12-05,04:21,2024-12-05,01:21,Ingreso a Signo,Luna ingresa a 0.00° de Acuario (Directo),,,,,,,,,,,,,
2024-12-06,02:17,2024-12-05,23:17,Aspecto,Sol en Conjunción con Mercurio,,,Sol,Mercurio,14°27' Sagitario,14°27' Sagitario,Conjunción,0.00°,No,Neutro,,,
2024-12-06,23:03,2024-12-06,20:03,Inicio Retrogradación,Marte inicia retrogradación en 6°10' Leo,,,,,,,,,,,,,
2024-12-07,01:53,2024-12-06,22:53,Aspecto,Mercurio en Cuadratura con Saturno,,,Mercurio,Saturno,13°05' Sagitario,13°05' Piscis,Cuadratura,0.00°,No,Tensión,,,
2024-12-07,06:13,2024-12-07,03:13,Ingreso a Signo,Venus ingresa a 0.00° de Acuario (Directo),,,,,,,,,,,,,
2024-12-07,09:48,2024-12-07,06:48,Ingreso a Signo,Luna ingresa a 0.00° de Piscis (Directo),,,,,,,,,,,,,
2024-12-07,14:08,2024-12-07,11:08,Aspecto,Venus en Conjunción con Plutón,,,Venus,Plutón,0°22' Acuario,0°22' Acuario,Conjunción,0.00°,No,Neutro,,,
2024-12-07,20:58,2024-12-07,17:58,Aspecto,Sol en Oposición con Júpiter,,,Sol,Júpiter,16°15' Sagitario,16°15' Géminis,Oposición,0.00°,No,Tensión,,,
2024-12-07,23:30,2024-12-07,20:30,Fin Retrogradación,Neptuno termina retrogradación en 27°07' Piscis,,,,,,,,,,,,,
2024-12-09,13:37,2024-12-09,10:37,Ingreso a Signo,Luna ingresa a 0.00° de Aries (Directo),,,,,,,,,,,,,
2024-12-11,15:55,2024-12-11,12:55,Ingreso a Signo,Luna ingresa a 0.00° de Tauro (Directo),,,,,,,,,,,,,
2024-12-12,10:46,2024-12-12,07:46,Aspecto,Venus en Oposición con Marte,,,Venus,Marte,5°58' Acuario,5°58' Leo,Oposición,0.00°,No,Tensión,,,
2024-12-13,07:45,2024-12-13,04:45,Aspecto,Mercurio en Sextil con Venus,,,Mercurio,Venus,6°58' Sagitario,6°58' Acuario,Sextil,0.00°,No,Armónico,,,
2024-12-13,17:21,2024-12-13,14:21,Ingreso a Signo,Luna ingresa a 0.00° de Géminis (Directo),,,,,,,,,,,,,
2024-12-15,09:01,2024-12-15,06:01,Luna Llena,Luna llena en Géminis 23.88°,-8.0°,299.6°,,,,,,,,,Géminis,23.88°,23°52' Géminis
2024-12-15,19:21,2024-12-15,16:21,Ingreso a Signo,Luna ingresa a 0.00° de Cáncer (Directo),,,,,,,,,,,,,
2024-12-17,23:39,2024-12-17,20:39,Ingreso a Signo,Luna ingresa a 0.00° de Leo (Directo),,,,,,,,,,,,,
2024-12-18,14:28,2024-12-18,11:28,Aspecto,Sol en Cuadratura con Neptuno,,,Sol,Neptuno,27°09' Sagitario,27°09' Piscis,Cuadratura,0.00°,No,Tensión,,,
2024-12-20,02:10,2024-12-19,23:10,Aspecto,Venus en Trígono con Júpiter,,,Venus,Júpiter,14°37' Acuario,14°37' Géminis,Trígono,0.00°,No,Armónico,,,
2024-12-20,07:36,2024-12-20,04:36,Ingreso a Signo,Luna ingresa a 0.00° de Virgo (Directo),,,,,,,,,,,,,
2024-12-21,09:20,2024-12-21,06:20,Ingreso a Signo,Sol ingresa a 0.00° de Capricornio (Directo),,,,,,,,,,,,,
2024-12-22,19:07,2024-12-22,16:07,Ingreso a Signo,Luna ingresa a 0.00° de Libra (Directo),,,,,,,,,,,,,
2024-12-24,21:59,2024-12-24,18:59,Aspecto,Júpiter en Cuadratura con Saturno,,,Júpiter,Saturno,14°01' Géminis,14°01' Piscis,Cuadratura,0.00°,No,Tensión,,,
2024-12-25,08:06,2024-12-25,05:06,Ingreso a Signo,Luna ingresa a 0.00° de Escorpio (Directo),,,,,,,,,,,,,
2024-12-25,10:00,2024-12-25,07:00,Aspecto,Júpiter en Cuadratura con Saturno,,,Júpiter,Saturno,13°57' Géminis,14°03' Piscis,Cuadratura,0.09°,No,Tensión,,,
2024-12-26,22:47,2024-12-26,19:47,Aspecto,Mercurio en Oposición con Júpiter,,,Mercurio,Júpiter,13°46' Sagitario,13°46' Géminis,Oposición,0.00°,No,Tensión,,,
2024-12-27,07:28,2024-12-27,04:28,Aspecto,Mercurio en Cuadratura con Saturno,,,Mercurio,Saturno,14°11' Sagitario,14°11' Piscis,Cuadratura,0.00°,No,Tensión,,,
2024-12-27,19:46,2024-12-27,16:46,Ingreso a Signo,Luna ingresa a 0.00° de Sagitario (Directo),,,,,,,,,,,,,
2024-12-28,07:41,2024-12-28,04:41,Aspecto,Venus en Cuadratura con Urano,,,Venus,Urano,23°43' Acuario,23°43' Tauro,Cuadratura,0.00°,No,Tensión,,,
2024-12-30,04:37,2024-12-30,01:37,Ingreso a Signo,Luna ingresa a 0.00° de Capricornio (Directo),,,,,,,,,,,,,
2024-12-30,22:26,2024-12-30,19:26,Luna Nueva,Luna nueva en Capricornio 9.73°,7.2°,246.8°,,,,,,,,,Capricornio,9.73°,9°43' Capricornio
